frame,domain,stage,value
0,cpu_ms,compile_renderer,39659.850300
0,cpu_ms,develop,0.073000
0,cpu_ms,develop_submit,0.048800
0,cpu_ms,develop_wait,0.000200
0,cpu_ms,frame_wall,56571.576100
0,cpu_ms,light_selection_record,0.380000
0,cpu_ms,preprocess_submit,8.972200
0,cpu_ms,render_setup,0.078300
0,cpu_ms,render_submit,872.070100
0,cpu_ms,render_wait,0.000700
0,cpu_ms,render_wall,56571.502500
0,cpu_ms,scene_metadata,0.072700
0,cpu_ms,scene_registration,14885.699400
0,cpu_ms,scene_update,54674.997200
0,cpu_ms,software_prepare,39779.865500
0,count,gpu_timestamps,0
0,count,instances,49
0,count,optix_hardware_traversal,1
1,cpu_ms,develop,0.073600
1,cpu_ms,develop_submit,0.048200
1,cpu_ms,develop_wait,0.000100
1,cpu_ms,frame_wall,667.052500
1,cpu_ms,light_selection_record,0.019800
1,cpu_ms,preprocess_submit,4.552500
1,cpu_ms,render_setup,0.040800
1,cpu_ms,render_submit,659.433700
1,cpu_ms,render_wait,0.000600
1,cpu_ms,render_wall,666.978200
1,cpu_ms,scene_metadata,0.022600
1,cpu_ms,scene_registration,1.140700
1,cpu_ms,scene_update,7.492100
1,cpu_ms,software_prepare,1.754500
1,count,gpu_timestamps,0
1,count,instances,49
1,count,optix_hardware_traversal,1
2,cpu_ms,develop,0.104300
2,cpu_ms,develop_submit,0.080200
2,cpu_ms,develop_wait,0.000400
2,cpu_ms,frame_wall,667.784700
2,cpu_ms,light_selection_record,0.024300
2,cpu_ms,preprocess_submit,5.653300
2,cpu_ms,render_setup,0.089100
2,cpu_ms,render_submit,659.100600
2,cpu_ms,render_wait,0.000700
2,cpu_ms,render_wall,667.679600
2,cpu_ms,scene_metadata,0.022800
2,cpu_ms,scene_registration,1.048400
2,cpu_ms,scene_update,8.476800
2,cpu_ms,software_prepare,1.725100
2,count,gpu_timestamps,0
2,count,instances,49
2,count,optix_hardware_traversal,1
3,cpu_ms,develop,0.070500
3,cpu_ms,develop_submit,0.047000
3,cpu_ms,develop_wait,0.000200
3,cpu_ms,frame_wall,669.535400
3,cpu_ms,light_selection_record,0.025600
3,cpu_ms,preprocess_submit,4.596600
3,cpu_ms,render_setup,0.039000
3,cpu_ms,render_submit,661.658300
3,cpu_ms,render_wait,0.000600
3,cpu_ms,render_wall,669.464100
3,cpu_ms,scene_metadata,0.021700
3,cpu_ms,scene_registration,1.271200
3,cpu_ms,scene_update,7.754900
3,cpu_ms,software_prepare,1.837000
3,count,gpu_timestamps,0
3,count,instances,49
3,count,optix_hardware_traversal,1
4,cpu_ms,develop,0.071900
4,cpu_ms,develop_submit,0.047100
4,cpu_ms,develop_wait,0.000200
4,cpu_ms,frame_wall,667.080400
4,cpu_ms,light_selection_record,0.020900
4,cpu_ms,preprocess_submit,4.663500
4,cpu_ms,render_setup,0.041000
4,cpu_ms,render_submit,659.439300
4,cpu_ms,render_wait,0.000500
4,cpu_ms,render_wall,667.007600
4,cpu_ms,scene_metadata,0.022600
4,cpu_ms,scene_registration,1.052400
4,cpu_ms,scene_update,7.516900
4,cpu_ms,software_prepare,1.754200
4,count,gpu_timestamps,0
4,count,instances,49
4,count,optix_hardware_traversal,1
5,cpu_ms,develop,0.072500
5,cpu_ms,develop_submit,0.047700
5,cpu_ms,develop_wait,0.000200
5,cpu_ms,frame_wall,667.870300
5,cpu_ms,light_selection_record,0.022600
5,cpu_ms,preprocess_submit,5.599600
5,cpu_ms,render_setup,0.088200
5,cpu_ms,render_submit,659.194300
5,cpu_ms,render_wait,0.000700
5,cpu_ms,render_wall,667.797100
5,cpu_ms,scene_metadata,0.022300
5,cpu_ms,scene_registration,1.085900
5,cpu_ms,scene_update,8.502500
5,cpu_ms,software_prepare,1.769500
5,count,gpu_timestamps,0
5,count,instances,49
5,count,optix_hardware_traversal,1
6,cpu_ms,develop,0.603800
6,cpu_ms,develop_submit,0.205000
6,cpu_ms,develop_wait,0.000600
6,cpu_ms,frame_wall,673.589900
6,cpu_ms,light_selection_record,0.024300
6,cpu_ms,preprocess_submit,5.883400
6,cpu_ms,render_setup,0.087200
6,cpu_ms,render_submit,664.177700
6,cpu_ms,render_wait,0.000500
6,cpu_ms,render_wall,672.984900
6,cpu_ms,scene_metadata,0.022700
6,cpu_ms,scene_registration,1.025800
6,cpu_ms,scene_update,8.707900
6,cpu_ms,software_prepare,1.749400
6,count,gpu_timestamps,0
6,count,instances,49
6,count,optix_hardware_traversal,1
7,cpu_ms,develop,0.107100
7,cpu_ms,develop_submit,0.079600
7,cpu_ms,develop_wait,0.000400
7,cpu_ms,frame_wall,671.352000
7,cpu_ms,light_selection_record,0.050600
7,cpu_ms,preprocess_submit,5.981400
7,cpu_ms,render_setup,0.087100
7,cpu_ms,render_submit,660.351700
7,cpu_ms,render_wait,0.000700
7,cpu_ms,render_wall,671.244200
7,cpu_ms,scene_metadata,0.074300
7,cpu_ms,scene_registration,2.801600
7,cpu_ms,scene_update,10.793000
7,cpu_ms,software_prepare,1.881900
7,count,gpu_timestamps,0
7,count,instances,49
7,count,optix_hardware_traversal,1
8,cpu_ms,develop,0.071000
8,cpu_ms,develop_submit,0.046500
8,cpu_ms,develop_wait,0.000200
8,cpu_ms,frame_wall,666.452500
8,cpu_ms,light_selection_record,0.024000
8,cpu_ms,preprocess_submit,4.780200
8,cpu_ms,render_setup,0.096700
8,cpu_ms,render_submit,656.769200
8,cpu_ms,render_wait,0.000600
8,cpu_ms,render_wall,666.380800
8,cpu_ms,scene_metadata,0.100200
8,cpu_ms,scene_registration,2.639600
8,cpu_ms,scene_update,9.502700
8,cpu_ms,software_prepare,1.954700
8,count,gpu_timestamps,0
8,count,instances,49
8,count,optix_hardware_traversal,1
9,cpu_ms,develop,0.121000
9,cpu_ms,develop_submit,0.088300
9,cpu_ms,develop_wait,0.000400
9,cpu_ms,frame_wall,668.770200
9,cpu_ms,light_selection_record,0.018600
9,cpu_ms,preprocess_submit,6.180000
9,cpu_ms,render_setup,0.041100
9,cpu_ms,render_submit,659.486900
9,cpu_ms,render_wait,0.000500
9,cpu_ms,render_wall,668.648500
9,cpu_ms,scene_metadata,0.022900
9,cpu_ms,scene_registration,1.117500
9,cpu_ms,scene_update,9.107200
9,cpu_ms,software_prepare,1.766000
9,count,gpu_timestamps,0
9,count,instances,49
9,count,optix_hardware_traversal,1
10,cpu_ms,develop,0.073100
10,cpu_ms,develop_submit,0.048100
10,cpu_ms,develop_wait,0.000200
10,cpu_ms,frame_wall,669.179500
10,cpu_ms,light_selection_record,0.063100
10,cpu_ms,preprocess_submit,4.551300
10,cpu_ms,render_setup,0.040500
10,cpu_ms,render_submit,660.751000
10,cpu_ms,render_wait,0.000500
10,cpu_ms,render_wall,669.105500
10,cpu_ms,scene_metadata,0.021800
10,cpu_ms,scene_registration,1.746200
10,cpu_ms,scene_update,8.302000
10,cpu_ms,software_prepare,1.916800
10,count,gpu_timestamps,0
10,count,instances,49
10,count,optix_hardware_traversal,1
11,cpu_ms,develop,0.135500
11,cpu_ms,develop_submit,0.074000
11,cpu_ms,develop_wait,0.000300
11,cpu_ms,frame_wall,665.160000
11,cpu_ms,light_selection_record,0.021300
11,cpu_ms,preprocess_submit,4.552000
11,cpu_ms,render_setup,0.042000
11,cpu_ms,render_submit,657.564400
11,cpu_ms,render_wait,0.000500
11,cpu_ms,render_wall,665.022900
11,cpu_ms,scene_metadata,0.022400
11,cpu_ms,scene_registration,1.043000
11,cpu_ms,scene_update,7.397900
11,cpu_ms,software_prepare,1.756500
11,count,gpu_timestamps,0
11,count,instances,49
11,count,optix_hardware_traversal,1
12,cpu_ms,develop,0.070400
12,cpu_ms,develop_submit,0.047700
12,cpu_ms,develop_wait,0.000200
12,cpu_ms,frame_wall,666.727700
12,cpu_ms,light_selection_record,0.026500
12,cpu_ms,preprocess_submit,6.374000
12,cpu_ms,render_setup,0.053900
12,cpu_ms,render_submit,657.062300
12,cpu_ms,render_wait,0.000500
12,cpu_ms,render_wall,666.656500
12,cpu_ms,scene_metadata,0.022200
12,cpu_ms,scene_registration,1.184200
12,cpu_ms,scene_update,9.528000
12,cpu_ms,software_prepare,1.918700
12,count,gpu_timestamps,0
12,count,instances,49
12,count,optix_hardware_traversal,1
13,cpu_ms,develop,0.103800
13,cpu_ms,develop_submit,0.066600
13,cpu_ms,develop_wait,0.000300
13,cpu_ms,frame_wall,667.042200
13,cpu_ms,light_selection_record,0.032600
13,cpu_ms,preprocess_submit,4.554100
13,cpu_ms,render_setup,0.040600
13,cpu_ms,render_submit,659.404300
13,cpu_ms,render_wait,0.000700
13,cpu_ms,render_wall,666.937700
13,cpu_ms,scene_metadata,0.022600
13,cpu_ms,scene_registration,1.062800
13,cpu_ms,scene_update,7.480700
13,cpu_ms,software_prepare,1.806300
13,count,gpu_timestamps,0
13,count,instances,49
13,count,optix_hardware_traversal,1
14,cpu_ms,develop,0.072700
14,cpu_ms,develop_submit,0.047200
14,cpu_ms,develop_wait,0.000200
14,cpu_ms,frame_wall,668.238600
14,cpu_ms,light_selection_record,0.020300
14,cpu_ms,preprocess_submit,6.182700
14,cpu_ms,render_setup,0.086200
14,cpu_ms,render_submit,657.575700
14,cpu_ms,render_wait,0.000700
14,cpu_ms,render_wall,668.165100
14,cpu_ms,scene_metadata,0.074500
14,cpu_ms,scene_registration,2.409300
14,cpu_ms,scene_update,10.491000
14,cpu_ms,software_prepare,1.802100
14,count,gpu_timestamps,0
14,count,instances,49
14,count,optix_hardware_traversal,1
15,cpu_ms,develop,0.084200
15,cpu_ms,develop_submit,0.054200
15,cpu_ms,develop_wait,0.000200
15,cpu_ms,frame_wall,669.210100
15,cpu_ms,light_selection_record,0.019900
15,cpu_ms,preprocess_submit,5.839700
15,cpu_ms,render_setup,0.041600
15,cpu_ms,render_submit,660.372500
15,cpu_ms,render_wait,0.000500
15,cpu_ms,render_wall,669.124700
15,cpu_ms,scene_metadata,0.022400
15,cpu_ms,scene_registration,1.083700
15,cpu_ms,scene_update,8.699100
15,cpu_ms,software_prepare,1.730400
15,count,gpu_timestamps,0
15,count,instances,49
15,count,optix_hardware_traversal,1
16,cpu_ms,develop,0.126700
16,cpu_ms,develop_submit,0.091100
16,cpu_ms,develop_wait,0.000400
16,cpu_ms,frame_wall,670.032800
16,cpu_ms,light_selection_record,0.022900
16,cpu_ms,preprocess_submit,5.019100
16,cpu_ms,render_setup,0.064700
16,cpu_ms,render_submit,661.969900
16,cpu_ms,render_wait,0.000600
16,cpu_ms,render_wall,669.905000
16,cpu_ms,scene_metadata,0.022500
16,cpu_ms,scene_registration,1.053700
16,cpu_ms,scene_update,7.854900
16,cpu_ms,software_prepare,1.733100
16,count,gpu_timestamps,0
16,count,instances,49
16,count,optix_hardware_traversal,1
17,cpu_ms,develop,0.071100
17,cpu_ms,develop_submit,0.047100
17,cpu_ms,develop_wait,0.000100
17,cpu_ms,frame_wall,673.779000
17,cpu_ms,light_selection_record,0.021100
17,cpu_ms,preprocess_submit,7.322200
17,cpu_ms,render_setup,0.042400
17,cpu_ms,render_submit,661.944900
17,cpu_ms,render_wait,0.000600
17,cpu_ms,render_wall,673.702900
17,cpu_ms,scene_metadata,0.074400
17,cpu_ms,scene_registration,2.465600
17,cpu_ms,scene_update,11.704200
17,cpu_ms,software_prepare,1.818300
17,count,gpu_timestamps,0
17,count,instances,49
17,count,optix_hardware_traversal,1
18,cpu_ms,develop,0.071600
18,cpu_ms,develop_submit,0.047600
18,cpu_ms,develop_wait,0.000200
18,cpu_ms,frame_wall,670.487300
18,cpu_ms,light_selection_record,0.022900
18,cpu_ms,preprocess_submit,4.532600
18,cpu_ms,render_setup,0.040800
18,cpu_ms,render_submit,662.829400
18,cpu_ms,render_wait,0.000600
18,cpu_ms,render_wall,670.414800
18,cpu_ms,scene_metadata,0.022600
18,cpu_ms,scene_registration,1.181700
18,cpu_ms,scene_update,7.531100
18,cpu_ms,software_prepare,1.768700
18,count,gpu_timestamps,0
18,count,instances,49
18,count,optix_hardware_traversal,1
19,cpu_ms,develop,0.129300
19,cpu_ms,develop_submit,0.095100
19,cpu_ms,develop_wait,0.000300
19,cpu_ms,frame_wall,671.487900
19,cpu_ms,light_selection_record,0.018900
19,cpu_ms,preprocess_submit,4.536500
19,cpu_ms,render_setup,0.041500
19,cpu_ms,render_submit,663.859200
19,cpu_ms,render_wait,0.000700
19,cpu_ms,render_wall,671.357800
19,cpu_ms,scene_metadata,0.022400
19,cpu_ms,scene_registration,1.126700
19,cpu_ms,scene_update,7.441900
19,cpu_ms,software_prepare,1.735200
19,count,gpu_timestamps,0
19,count,instances,49
19,count,optix_hardware_traversal,1
20,cpu_ms,develop,0.072000
20,cpu_ms,develop_submit,0.047300
20,cpu_ms,develop_wait,0.000200
20,cpu_ms,frame_wall,674.113800
20,cpu_ms,light_selection_record,0.097600
20,cpu_ms,preprocess_submit,4.688600
20,cpu_ms,render_setup,0.041000
20,cpu_ms,render_submit,664.544200
20,cpu_ms,render_wait,0.000700
20,cpu_ms,render_wall,674.040900
20,cpu_ms,scene_metadata,0.076900
20,cpu_ms,scene_registration,2.565400
20,cpu_ms,scene_update,9.442600
20,cpu_ms,software_prepare,2.006900
20,count,gpu_timestamps,0
20,count,instances,49
20,count,optix_hardware_traversal,1
21,cpu_ms,develop,0.119700
21,cpu_ms,develop_submit,0.095000
21,cpu_ms,develop_wait,0.000200
21,cpu_ms,frame_wall,673.601600
21,cpu_ms,light_selection_record,0.019500
21,cpu_ms,preprocess_submit,5.902300
21,cpu_ms,render_setup,0.042800
21,cpu_ms,render_submit,664.390300
21,cpu_ms,render_wait,0.000500
21,cpu_ms,render_wall,673.481000
21,cpu_ms,scene_metadata,0.022000
21,cpu_ms,scene_registration,1.310700
21,cpu_ms,scene_update,9.035400
21,cpu_ms,software_prepare,1.777300
21,count,gpu_timestamps,0
21,count,instances,49
21,count,optix_hardware_traversal,1
22,cpu_ms,develop,0.139700
22,cpu_ms,develop_submit,0.106100
22,cpu_ms,develop_wait,0.000300
22,cpu_ms,frame_wall,672.012300
22,cpu_ms,light_selection_record,0.019100
22,cpu_ms,preprocess_submit,5.278900
22,cpu_ms,render_setup,0.041200
22,cpu_ms,render_submit,663.192700
22,cpu_ms,render_wait,0.001200
22,cpu_ms,render_wall,671.871800
22,cpu_ms,scene_metadata,0.022800
22,cpu_ms,scene_registration,1.555900
22,cpu_ms,scene_update,8.621900
22,cpu_ms,software_prepare,1.743100
22,count,gpu_timestamps,0
22,count,instances,49
22,count,optix_hardware_traversal,1
23,cpu_ms,develop,0.105500
23,cpu_ms,develop_submit,0.080100
23,cpu_ms,develop_wait,0.000400
23,cpu_ms,frame_wall,672.720900
23,cpu_ms,light_selection_record,0.021100
23,cpu_ms,preprocess_submit,6.683100
23,cpu_ms,render_setup,0.087300
23,cpu_ms,render_submit,662.911700
23,cpu_ms,render_wait,0.000700
23,cpu_ms,render_wall,672.614500
23,cpu_ms,scene_metadata,0.022900
23,cpu_ms,scene_registration,1.108000
23,cpu_ms,scene_update,9.602500
23,cpu_ms,software_prepare,1.764800
23,count,gpu_timestamps,0
23,count,instances,49
23,count,optix_hardware_traversal,1
24,cpu_ms,develop,0.071600
24,cpu_ms,develop_submit,0.047100
24,cpu_ms,develop_wait,0.000100
24,cpu_ms,frame_wall,670.332600
24,cpu_ms,light_selection_record,0.046900
24,cpu_ms,preprocess_submit,4.653300
24,cpu_ms,render_setup,0.073700
24,cpu_ms,render_submit,661.660700
24,cpu_ms,render_wait,0.000600
24,cpu_ms,render_wall,670.260400
24,cpu_ms,scene_metadata,0.025600
24,cpu_ms,scene_registration,1.928000
24,cpu_ms,scene_update,8.500300
24,cpu_ms,software_prepare,1.843700
24,count,gpu_timestamps,0
24,count,instances,49
24,count,optix_hardware_traversal,1
25,cpu_ms,develop,0.071600
25,cpu_ms,develop_submit,0.047800
25,cpu_ms,develop_wait,0.000200
25,cpu_ms,frame_wall,670.833900
25,cpu_ms,light_selection_record,0.020100
25,cpu_ms,preprocess_submit,5.344000
25,cpu_ms,render_setup,0.041300
25,cpu_ms,render_submit,662.368100
25,cpu_ms,render_wait,0.000500
25,cpu_ms,render_wall,670.761600
25,cpu_ms,scene_metadata,0.023400
25,cpu_ms,scene_registration,1.082700
25,cpu_ms,scene_update,8.340400
25,cpu_ms,software_prepare,1.867500
25,count,gpu_timestamps,0
25,count,instances,49
25,count,optix_hardware_traversal,1
26,cpu_ms,develop,0.071700
26,cpu_ms,develop_submit,0.047500
26,cpu_ms,develop_wait,0.000200
26,cpu_ms,frame_wall,671.438200
26,cpu_ms,light_selection_record,0.019100
26,cpu_ms,preprocess_submit,4.667800
26,cpu_ms,render_setup,0.040800
26,cpu_ms,render_submit,663.808600
26,cpu_ms,render_wait,0.003700
26,cpu_ms,render_wall,671.365700
26,cpu_ms,scene_metadata,0.022400
26,cpu_ms,scene_registration,1.037300
26,cpu_ms,scene_update,7.499700
26,cpu_ms,software_prepare,1.750900
26,count,gpu_timestamps,0
26,count,instances,49
26,count,optix_hardware_traversal,1
27,cpu_ms,develop,0.072200
27,cpu_ms,develop_submit,0.047300
27,cpu_ms,develop_wait,0.000200
27,cpu_ms,frame_wall,672.060400
27,cpu_ms,light_selection_record,0.019300
27,cpu_ms,preprocess_submit,5.793400
27,cpu_ms,render_setup,0.041800
27,cpu_ms,render_submit,663.288000
27,cpu_ms,render_wait,0.000500
27,cpu_ms,render_wall,671.987500
27,cpu_ms,scene_metadata,0.023600
27,cpu_ms,scene_registration,1.082200
27,cpu_ms,scene_update,8.646300
27,cpu_ms,software_prepare,1.725300
27,count,gpu_timestamps,0
27,count,instances,49
27,count,optix_hardware_traversal,1
28,cpu_ms,develop,0.072200
28,cpu_ms,develop_submit,0.046600
28,cpu_ms,develop_wait,0.000200
28,cpu_ms,frame_wall,669.232000
28,cpu_ms,light_selection_record,0.023500
28,cpu_ms,preprocess_submit,4.665300
28,cpu_ms,render_setup,0.042200
28,cpu_ms,render_submit,661.257900
28,cpu_ms,render_wait,0.000500
28,cpu_ms,render_wall,669.158900
28,cpu_ms,scene_metadata,0.023200
28,cpu_ms,scene_registration,1.174200
28,cpu_ms,scene_update,7.847000
28,cpu_ms,software_prepare,1.958300
28,count,gpu_timestamps,0
28,count,instances,49
28,count,optix_hardware_traversal,1
29,cpu_ms,develop,0.074300
29,cpu_ms,develop_submit,0.047300
29,cpu_ms,develop_wait,0.000200
29,cpu_ms,frame_wall,670.494300
29,cpu_ms,light_selection_record,0.020000
29,cpu_ms,preprocess_submit,4.583100
29,cpu_ms,render_setup,0.041500
29,cpu_ms,render_submit,662.953200
29,cpu_ms,render_wait,0.000600
29,cpu_ms,render_wall,670.419200
29,cpu_ms,scene_metadata,0.022900
29,cpu_ms,scene_registration,1.051100
29,cpu_ms,scene_update,7.412000
29,cpu_ms,software_prepare,1.732700
29,count,gpu_timestamps,0
29,count,instances,49
29,count,optix_hardware_traversal,1
30,cpu_ms,develop,0.076900
30,cpu_ms,develop_submit,0.047100
30,cpu_ms,develop_wait,0.000200
30,cpu_ms,frame_wall,673.569900
30,cpu_ms,light_selection_record,0.019800
30,cpu_ms,preprocess_submit,4.612800
30,cpu_ms,render_setup,0.040500
30,cpu_ms,render_submit,665.872600
30,cpu_ms,render_wait,0.001100
30,cpu_ms,render_wall,673.492200
30,cpu_ms,scene_metadata,0.022200
30,cpu_ms,scene_registration,1.154600
30,cpu_ms,scene_update,7.566000
30,cpu_ms,software_prepare,1.754100
30,count,gpu_timestamps,0
30,count,instances,49
30,count,optix_hardware_traversal,1
31,cpu_ms,develop,0.071900
31,cpu_ms,develop_submit,0.048100
31,cpu_ms,develop_wait,0.000200
31,cpu_ms,frame_wall,671.182000
31,cpu_ms,light_selection_record,0.018700
31,cpu_ms,preprocess_submit,4.590900
31,cpu_ms,render_setup,0.041800
31,cpu_ms,render_submit,663.589500
31,cpu_ms,render_wait,0.001100
31,cpu_ms,render_wall,671.109300
31,cpu_ms,scene_metadata,0.022700
31,cpu_ms,scene_registration,1.070400
31,cpu_ms,scene_update,7.464600
31,cpu_ms,software_prepare,1.759600
31,count,gpu_timestamps,0
31,count,instances,49
31,count,optix_hardware_traversal,1
32,cpu_ms,develop,0.144100
32,cpu_ms,develop_submit,0.099800
32,cpu_ms,develop_wait,0.000300
32,cpu_ms,frame_wall,671.891500
32,cpu_ms,light_selection_record,0.021700
32,cpu_ms,preprocess_submit,4.859800
32,cpu_ms,render_setup,0.041300
32,cpu_ms,render_submit,663.946000
32,cpu_ms,render_wait,0.000800
32,cpu_ms,render_wall,671.746800
32,cpu_ms,scene_metadata,0.022700
32,cpu_ms,scene_registration,1.059900
32,cpu_ms,scene_update,7.746500
32,cpu_ms,software_prepare,1.779900
32,count,gpu_timestamps,0
32,count,instances,49
32,count,optix_hardware_traversal,1
33,cpu_ms,develop,0.072800
33,cpu_ms,develop_submit,0.047600
33,cpu_ms,develop_wait,0.000200
33,cpu_ms,frame_wall,672.977900
33,cpu_ms,light_selection_record,0.019300
33,cpu_ms,preprocess_submit,5.831300
33,cpu_ms,render_setup,0.040700
33,cpu_ms,render_submit,663.953200
33,cpu_ms,render_wait,0.000600
33,cpu_ms,render_wall,672.904400
33,cpu_ms,scene_metadata,0.022100
33,cpu_ms,scene_registration,1.262600
33,cpu_ms,scene_update,8.897800
33,cpu_ms,software_prepare,1.759900
33,count,gpu_timestamps,0
33,count,instances,49
33,count,optix_hardware_traversal,1
34,cpu_ms,develop,0.070900
34,cpu_ms,develop_submit,0.047700
34,cpu_ms,develop_wait,0.000200
34,cpu_ms,frame_wall,670.553500
34,cpu_ms,light_selection_record,0.021100
34,cpu_ms,preprocess_submit,4.513000
34,cpu_ms,render_setup,0.042200
34,cpu_ms,render_submit,663.092100
34,cpu_ms,render_wait,0.000600
34,cpu_ms,render_wall,670.481500
34,cpu_ms,scene_metadata,0.023000
34,cpu_ms,scene_registration,1.017400
34,cpu_ms,scene_update,7.333900
34,cpu_ms,software_prepare,1.757200
34,count,gpu_timestamps,0
34,count,instances,49
34,count,optix_hardware_traversal,1
35,cpu_ms,develop,0.072800
35,cpu_ms,develop_submit,0.048500
35,cpu_ms,develop_wait,0.000200
35,cpu_ms,frame_wall,672.134600
35,cpu_ms,light_selection_record,0.021100
35,cpu_ms,preprocess_submit,4.554900
35,cpu_ms,render_setup,0.041600
35,cpu_ms,render_submit,664.614800
35,cpu_ms,render_wait,0.000600
35,cpu_ms,render_wall,672.060900
35,cpu_ms,scene_metadata,0.022900
35,cpu_ms,scene_registration,1.045800
35,cpu_ms,scene_update,7.392100
35,cpu_ms,software_prepare,1.744700
35,count,gpu_timestamps,0
35,count,instances,49
35,count,optix_hardware_traversal,1
36,cpu_ms,develop,0.073100
36,cpu_ms,develop_submit,0.048500
36,cpu_ms,develop_wait,0.000100
36,cpu_ms,frame_wall,670.603200
36,cpu_ms,light_selection_record,0.017700
36,cpu_ms,preprocess_submit,5.010300
36,cpu_ms,render_setup,0.041700
36,cpu_ms,render_submit,662.607900
36,cpu_ms,render_wait,0.000600
36,cpu_ms,render_wall,670.529300
36,cpu_ms,scene_metadata,0.023200
36,cpu_ms,scene_registration,1.066000
36,cpu_ms,scene_update,7.867800
36,cpu_ms,software_prepare,1.748400
36,count,gpu_timestamps,0
36,count,instances,49
36,count,optix_hardware_traversal,1
37,cpu_ms,develop,0.072400
37,cpu_ms,develop_submit,0.048100
37,cpu_ms,develop_wait,0.000200
37,cpu_ms,frame_wall,670.989700
37,cpu_ms,light_selection_record,0.024300
37,cpu_ms,preprocess_submit,4.591200
37,cpu_ms,render_setup,0.039900
37,cpu_ms,render_submit,663.202900
37,cpu_ms,render_wait,0.000600
37,cpu_ms,render_wall,670.916500
37,cpu_ms,scene_metadata,0.022900
37,cpu_ms,scene_registration,1.012400
37,cpu_ms,scene_update,7.660800
37,cpu_ms,software_prepare,2.008000
37,count,gpu_timestamps,0
37,count,instances,49
37,count,optix_hardware_traversal,1
38,cpu_ms,develop,0.069700
38,cpu_ms,develop_submit,0.046700
38,cpu_ms,develop_wait,0.000200
38,cpu_ms,frame_wall,671.052300
38,cpu_ms,light_selection_record,0.101800
38,cpu_ms,preprocess_submit,4.640700
38,cpu_ms,render_setup,0.040900
38,cpu_ms,render_submit,663.402900
38,cpu_ms,render_wait,0.000700
38,cpu_ms,render_wall,670.981900
38,cpu_ms,scene_metadata,0.022900
38,cpu_ms,scene_registration,0.992100
38,cpu_ms,scene_update,7.525900
38,cpu_ms,software_prepare,1.765900
38,count,gpu_timestamps,0
38,count,instances,49
38,count,optix_hardware_traversal,1
39,cpu_ms,develop,0.070400
39,cpu_ms,develop_submit,0.046600
39,cpu_ms,develop_wait,0.000200
39,cpu_ms,frame_wall,670.300400
39,cpu_ms,light_selection_record,0.024100
39,cpu_ms,preprocess_submit,4.617200
39,cpu_ms,render_setup,0.320400
39,cpu_ms,render_submit,662.387500
39,cpu_ms,render_wait,0.000600
39,cpu_ms,render_wall,670.229200
39,cpu_ms,scene_metadata,0.023200
39,cpu_ms,scene_registration,1.044000
39,cpu_ms,scene_update,7.508900
39,cpu_ms,software_prepare,1.798400
39,count,gpu_timestamps,0
39,count,instances,49
39,count,optix_hardware_traversal,1
40,cpu_ms,develop,0.100400
40,cpu_ms,develop_submit,0.053300
40,cpu_ms,develop_wait,0.000100
40,cpu_ms,frame_wall,672.281000
40,cpu_ms,light_selection_record,0.020500
40,cpu_ms,preprocess_submit,5.517400
40,cpu_ms,render_setup,0.111800
40,cpu_ms,render_submit,663.625100
40,cpu_ms,render_wait,0.000600
40,cpu_ms,render_wall,672.179500
40,cpu_ms,scene_metadata,0.022600
40,cpu_ms,scene_registration,1.081800
40,cpu_ms,scene_update,8.417900
40,cpu_ms,software_prepare,1.772500
40,count,gpu_timestamps,0
40,count,instances,49
40,count,optix_hardware_traversal,1
41,cpu_ms,develop,0.071900
41,cpu_ms,develop_submit,0.047800
41,cpu_ms,develop_wait,0.000200
41,cpu_ms,frame_wall,672.550000
41,cpu_ms,light_selection_record,0.042800
41,cpu_ms,preprocess_submit,4.571400
41,cpu_ms,render_setup,0.040400
41,cpu_ms,render_submit,664.624800
41,cpu_ms,render_wait,0.000500
41,cpu_ms,render_wall,672.477400
41,cpu_ms,scene_metadata,0.022800
41,cpu_ms,scene_registration,1.075800
41,cpu_ms,scene_update,7.799200
41,cpu_ms,software_prepare,2.083900
41,count,gpu_timestamps,0
41,count,instances,49
41,count,optix_hardware_traversal,1
42,cpu_ms,develop,0.076400
42,cpu_ms,develop_submit,0.047600
42,cpu_ms,develop_wait,0.000200
42,cpu_ms,frame_wall,670.508600
42,cpu_ms,light_selection_record,0.019300
42,cpu_ms,preprocess_submit,4.591500
42,cpu_ms,render_setup,0.041400
42,cpu_ms,render_submit,662.855300
42,cpu_ms,render_wait,0.000600
42,cpu_ms,render_wall,670.431600
42,cpu_ms,scene_metadata,0.022300
42,cpu_ms,scene_registration,1.142400
42,cpu_ms,scene_update,7.522700
42,cpu_ms,software_prepare,1.744900
42,count,gpu_timestamps,0
42,count,instances,49
42,count,optix_hardware_traversal,1
43,cpu_ms,develop,0.102900
43,cpu_ms,develop_submit,0.066500
43,cpu_ms,develop_wait,0.000300
43,cpu_ms,frame_wall,671.670800
43,cpu_ms,light_selection_record,0.019100
43,cpu_ms,preprocess_submit,4.678100
43,cpu_ms,render_setup,0.041300
43,cpu_ms,render_submit,663.991400
43,cpu_ms,render_wait,0.000700
43,cpu_ms,render_wall,671.567100
43,cpu_ms,scene_metadata,0.023000
43,cpu_ms,scene_registration,1.055400
43,cpu_ms,scene_update,7.523000
43,cpu_ms,software_prepare,1.745400
43,count,gpu_timestamps,0
43,count,instances,49
43,count,optix_hardware_traversal,1
44,cpu_ms,develop,0.078100
44,cpu_ms,develop_submit,0.053100
44,cpu_ms,develop_wait,0.000100
44,cpu_ms,frame_wall,672.355400
44,cpu_ms,light_selection_record,0.020500
44,cpu_ms,preprocess_submit,5.040400
44,cpu_ms,render_setup,0.090100
44,cpu_ms,render_submit,664.158800
44,cpu_ms,render_wait,0.000700
44,cpu_ms,render_wall,672.276700
44,cpu_ms,scene_metadata,0.023300
44,cpu_ms,scene_registration,1.162500
44,cpu_ms,scene_update,8.004100
44,cpu_ms,software_prepare,1.755100
44,count,gpu_timestamps,0
44,count,instances,49
44,count,optix_hardware_traversal,1
45,cpu_ms,develop,0.105300
45,cpu_ms,develop_submit,0.077500
45,cpu_ms,develop_wait,0.000200
45,cpu_ms,frame_wall,674.092900
45,cpu_ms,light_selection_record,0.026500
45,cpu_ms,preprocess_submit,4.658000
45,cpu_ms,render_setup,0.041100
45,cpu_ms,render_submit,665.924000
45,cpu_ms,render_wait,0.000700
45,cpu_ms,render_wall,673.986900
45,cpu_ms,scene_metadata,0.022700
45,cpu_ms,scene_registration,1.109700
45,cpu_ms,scene_update,8.008500
45,cpu_ms,software_prepare,2.189100
45,count,gpu_timestamps,0
45,count,instances,49
45,count,optix_hardware_traversal,1
46,cpu_ms,develop,0.072800
46,cpu_ms,develop_submit,0.047500
46,cpu_ms,develop_wait,0.000100
46,cpu_ms,frame_wall,672.402500
46,cpu_ms,light_selection_record,0.021800
46,cpu_ms,preprocess_submit,4.511300
46,cpu_ms,render_setup,0.042600
46,cpu_ms,render_submit,664.822900
46,cpu_ms,render_wait,0.000700
46,cpu_ms,render_wall,672.329000
46,cpu_ms,scene_metadata,0.022400
46,cpu_ms,scene_registration,1.139800
46,cpu_ms,scene_update,7.450400
46,cpu_ms,software_prepare,1.752700
46,count,gpu_timestamps,0
46,count,instances,49
46,count,optix_hardware_traversal,1
47,cpu_ms,develop,0.070200
47,cpu_ms,develop_submit,0.047900
47,cpu_ms,develop_wait,0.000200
47,cpu_ms,frame_wall,670.188500
47,cpu_ms,light_selection_record,0.029900
47,cpu_ms,preprocess_submit,4.718600
47,cpu_ms,render_setup,0.041400
47,cpu_ms,render_submit,662.525000
47,cpu_ms,render_wait,0.000500
47,cpu_ms,render_wall,670.117400
47,cpu_ms,scene_metadata,0.022800
47,cpu_ms,scene_registration,1.035400
47,cpu_ms,scene_update,7.538300
47,cpu_ms,software_prepare,1.729600
47,count,gpu_timestamps,0
47,count,instances,49
47,count,optix_hardware_traversal,1
48,cpu_ms,develop,0.084700
48,cpu_ms,develop_submit,0.053500
48,cpu_ms,develop_wait,0.000100
48,cpu_ms,frame_wall,669.950800
48,cpu_ms,light_selection_record,0.023500
48,cpu_ms,preprocess_submit,4.574800
48,cpu_ms,render_setup,0.039900
48,cpu_ms,render_submit,662.075400
48,cpu_ms,render_wait,0.000500
48,cpu_ms,render_wall,669.865300
48,cpu_ms,scene_metadata,0.022200
48,cpu_ms,scene_registration,1.155400
48,cpu_ms,scene_update,7.738700
48,cpu_ms,software_prepare,1.960100
48,count,gpu_timestamps,0
48,count,instances,49
48,count,optix_hardware_traversal,1
49,cpu_ms,develop,0.073500
49,cpu_ms,develop_submit,0.048200
49,cpu_ms,develop_wait,0.000100
49,cpu_ms,frame_wall,669.844400
49,cpu_ms,light_selection_record,0.058100
49,cpu_ms,preprocess_submit,4.783000
49,cpu_ms,render_setup,0.040400
49,cpu_ms,render_submit,661.979200
49,cpu_ms,render_wait,0.000500
49,cpu_ms,render_wall,669.770200
49,cpu_ms,scene_metadata,0.023500
49,cpu_ms,scene_registration,1.131100
49,cpu_ms,scene_update,7.737900
49,cpu_ms,software_prepare,1.740300
49,count,gpu_timestamps,0
49,count,instances,49
49,count,optix_hardware_traversal,1
50,cpu_ms,develop,0.070600
50,cpu_ms,develop_submit,0.047900
50,cpu_ms,develop_wait,0.000200
50,cpu_ms,frame_wall,670.814800
50,cpu_ms,light_selection_record,0.057700
50,cpu_ms,preprocess_submit,4.559100
50,cpu_ms,render_setup,0.040500
50,cpu_ms,render_submit,661.518800
50,cpu_ms,render_wait,0.000600
50,cpu_ms,render_wall,670.743300
50,cpu_ms,scene_metadata,0.022500
50,cpu_ms,scene_registration,2.698200
50,cpu_ms,scene_update,9.171100
50,cpu_ms,software_prepare,1.830600
50,count,gpu_timestamps,0
50,count,instances,49
50,count,optix_hardware_traversal,1
51,cpu_ms,develop,0.120500
51,cpu_ms,develop_submit,0.072300
51,cpu_ms,develop_wait,0.000200
51,cpu_ms,frame_wall,675.121500
51,cpu_ms,light_selection_record,0.023600
51,cpu_ms,preprocess_submit,4.906800
51,cpu_ms,render_setup,0.041500
51,cpu_ms,render_submit,667.134300
51,cpu_ms,render_wait,0.000600
51,cpu_ms,render_wall,675.000200
51,cpu_ms,scene_metadata,0.023200
51,cpu_ms,scene_registration,1.040100
51,cpu_ms,scene_update,7.810900
51,cpu_ms,software_prepare,1.814800
51,count,gpu_timestamps,0
51,count,instances,49
51,count,optix_hardware_traversal,1
52,cpu_ms,develop,0.076500
52,cpu_ms,develop_submit,0.050800
52,cpu_ms,develop_wait,0.000200
52,cpu_ms,frame_wall,671.678600
52,cpu_ms,light_selection_record,0.018900
52,cpu_ms,preprocess_submit,4.673000
52,cpu_ms,render_setup,0.041200
52,cpu_ms,render_submit,663.960800
52,cpu_ms,render_wait,0.000700
52,cpu_ms,render_wall,671.600900
52,cpu_ms,scene_metadata,0.022200
52,cpu_ms,scene_registration,1.133000
52,cpu_ms,scene_update,7.586800
52,cpu_ms,software_prepare,1.737200
52,count,gpu_timestamps,0
52,count,instances,49
52,count,optix_hardware_traversal,1
53,cpu_ms,develop,0.085100
53,cpu_ms,develop_submit,0.061900
53,cpu_ms,develop_wait,0.000200
53,cpu_ms,frame_wall,672.344500
53,cpu_ms,light_selection_record,0.019600
53,cpu_ms,preprocess_submit,4.827300
53,cpu_ms,render_setup,0.041500
53,cpu_ms,render_submit,664.529500
53,cpu_ms,render_wait,0.000600
53,cpu_ms,render_wall,672.258600
53,cpu_ms,scene_metadata,0.022800
53,cpu_ms,scene_registration,1.070600
53,cpu_ms,scene_update,7.668200
53,cpu_ms,software_prepare,1.725400
53,count,gpu_timestamps,0
53,count,instances,49
53,count,optix_hardware_traversal,1
54,cpu_ms,develop,0.146900
54,cpu_ms,develop_submit,0.120000
54,cpu_ms,develop_wait,0.000400
54,cpu_ms,frame_wall,671.438100
54,cpu_ms,light_selection_record,0.020900
54,cpu_ms,preprocess_submit,4.833800
54,cpu_ms,render_setup,0.050300
54,cpu_ms,render_submit,663.523300
54,cpu_ms,render_wait,0.000600
54,cpu_ms,render_wall,671.290300
54,cpu_ms,scene_metadata,0.022900
54,cpu_ms,scene_registration,1.086200
54,cpu_ms,scene_update,7.705300
54,cpu_ms,software_prepare,1.739000
54,count,gpu_timestamps,0
54,count,instances,49
54,count,optix_hardware_traversal,1
55,cpu_ms,develop,0.084900
55,cpu_ms,develop_submit,0.063600
55,cpu_ms,develop_wait,0.000200
55,cpu_ms,frame_wall,675.315800
55,cpu_ms,light_selection_record,0.021900
55,cpu_ms,preprocess_submit,4.546000
55,cpu_ms,render_setup,0.040700
55,cpu_ms,render_submit,667.045000
55,cpu_ms,render_wait,0.000500
55,cpu_ms,render_wall,675.226800
55,cpu_ms,scene_metadata,0.022600
55,cpu_ms,scene_registration,1.755900
55,cpu_ms,scene_update,8.128100
55,cpu_ms,software_prepare,1.779500
55,count,gpu_timestamps,0
55,count,instances,49
55,count,optix_hardware_traversal,1
56,cpu_ms,develop,0.112900
56,cpu_ms,develop_submit,0.077300
56,cpu_ms,develop_wait,0.000200
56,cpu_ms,frame_wall,668.850800
56,cpu_ms,light_selection_record,0.018500
56,cpu_ms,preprocess_submit,5.140800
56,cpu_ms,render_setup,0.046800
56,cpu_ms,render_submit,660.681400
56,cpu_ms,render_wait,0.000600
56,cpu_ms,render_wall,668.737200
56,cpu_ms,scene_metadata,0.022600
56,cpu_ms,scene_registration,1.094300
56,cpu_ms,scene_update,7.997700
56,cpu_ms,software_prepare,1.719300
56,count,gpu_timestamps,0
56,count,instances,49
56,count,optix_hardware_traversal,1
57,cpu_ms,develop,0.093300
57,cpu_ms,develop_submit,0.060500
57,cpu_ms,develop_wait,0.000200
57,cpu_ms,frame_wall,673.717000
57,cpu_ms,light_selection_record,0.020200
57,cpu_ms,preprocess_submit,4.960700
57,cpu_ms,render_setup,0.097900
57,cpu_ms,render_submit,665.666200
57,cpu_ms,render_wait,0.000500
57,cpu_ms,render_wall,673.622800
57,cpu_ms,scene_metadata,0.022700
57,cpu_ms,scene_registration,1.081100
57,cpu_ms,scene_update,7.845400
57,cpu_ms,software_prepare,1.758100
57,count,gpu_timestamps,0
57,count,instances,49
57,count,optix_hardware_traversal,1
58,cpu_ms,develop,0.072000
58,cpu_ms,develop_submit,0.047200
58,cpu_ms,develop_wait,0.000100
58,cpu_ms,frame_wall,673.429600
58,cpu_ms,light_selection_record,0.022300
58,cpu_ms,preprocess_submit,4.555000
58,cpu_ms,render_setup,0.042100
58,cpu_ms,render_submit,665.444600
58,cpu_ms,render_wait,0.000500
58,cpu_ms,render_wall,673.356900
58,cpu_ms,scene_metadata,0.022700
58,cpu_ms,scene_registration,1.403500
58,cpu_ms,scene_update,7.858900
58,cpu_ms,software_prepare,1.852100
58,count,gpu_timestamps,0
58,count,instances,49
58,count,optix_hardware_traversal,1
59,cpu_ms,develop,0.070700
59,cpu_ms,develop_submit,0.047600
59,cpu_ms,develop_wait,0.000200
59,cpu_ms,frame_wall,673.470600
59,cpu_ms,light_selection_record,0.023800
59,cpu_ms,preprocess_submit,4.634200
59,cpu_ms,render_setup,0.040400
59,cpu_ms,render_submit,664.989200
59,cpu_ms,render_wait,0.000500
59,cpu_ms,render_wall,673.399100
59,cpu_ms,scene_metadata,0.022300
59,cpu_ms,scene_registration,1.945100
59,cpu_ms,scene_update,8.357700
59,cpu_ms,software_prepare,1.729900
59,count,gpu_timestamps,0
59,count,instances,49
59,count,optix_hardware_traversal,1
60,cpu_ms,develop,0.071800
60,cpu_ms,develop_submit,0.047800
60,cpu_ms,develop_wait,0.000200
60,cpu_ms,frame_wall,673.296800
60,cpu_ms,light_selection_record,0.021100
60,cpu_ms,preprocess_submit,4.681300
60,cpu_ms,render_setup,0.042300
60,cpu_ms,render_submit,665.606000
60,cpu_ms,render_wait,0.000600
60,cpu_ms,render_wall,673.224100
60,cpu_ms,scene_metadata,0.023100
60,cpu_ms,scene_registration,1.092000
60,cpu_ms,scene_update,7.565100
60,cpu_ms,software_prepare,1.744700
60,count,gpu_timestamps,0
60,count,instances,49
60,count,optix_hardware_traversal,1
61,cpu_ms,develop,0.080000
61,cpu_ms,develop_submit,0.054700
61,cpu_ms,develop_wait,0.000200
61,cpu_ms,frame_wall,672.873500
61,cpu_ms,light_selection_record,0.019300
61,cpu_ms,preprocess_submit,5.753500
61,cpu_ms,render_setup,0.041000
61,cpu_ms,render_submit,663.652000
61,cpu_ms,render_wait,0.000700
61,cpu_ms,render_wall,672.792600
61,cpu_ms,scene_metadata,0.022300
61,cpu_ms,scene_registration,1.544700
61,cpu_ms,scene_update,9.086900
61,cpu_ms,software_prepare,1.744600
61,count,gpu_timestamps,0
61,count,instances,49
61,count,optix_hardware_traversal,1
62,cpu_ms,develop,0.073400
62,cpu_ms,develop_submit,0.047400
62,cpu_ms,develop_wait,0.000200
62,cpu_ms,frame_wall,672.656500
62,cpu_ms,light_selection_record,0.019300
62,cpu_ms,preprocess_submit,4.543800
62,cpu_ms,render_setup,0.043500
62,cpu_ms,render_submit,665.163200
62,cpu_ms,render_wait,0.000700
62,cpu_ms,render_wall,672.582300
62,cpu_ms,scene_metadata,0.023000
62,cpu_ms,scene_registration,1.049800
62,cpu_ms,scene_update,7.363400
62,cpu_ms,software_prepare,1.725000
62,count,gpu_timestamps,0
62,count,instances,49
62,count,optix_hardware_traversal,1
63,cpu_ms,develop,0.158100
63,cpu_ms,develop_submit,0.101200
63,cpu_ms,develop_wait,0.000400
63,cpu_ms,frame_wall,672.517600
63,cpu_ms,light_selection_record,0.078000
63,cpu_ms,preprocess_submit,6.338500
63,cpu_ms,render_setup,0.054000
63,cpu_ms,render_submit,662.981500
63,cpu_ms,render_wait,0.019200
63,cpu_ms,render_wall,672.358800
63,cpu_ms,scene_metadata,0.022900
63,cpu_ms,scene_registration,1.098400
63,cpu_ms,scene_update,9.285400
63,cpu_ms,software_prepare,1.744300
63,count,gpu_timestamps,0
63,count,instances,49
63,count,optix_hardware_traversal,1
