srgb_byte,float_upload,previous_8bit_quantization
0,0.0,0.0
1,0.000304,0.0
2,0.000607,0.0
3,0.000911,0.0
4,0.001214,0.0
5,0.001518,0.0
6,0.001821,0.0
7,0.002125,0.00392156862745098
8,0.002428,0.00392156862745098
9,0.002732,0.00392156862745098
10,0.003035,0.00392156862745098
11,0.003347,0.00392156862745098
12,0.003677,0.00392156862745098
13,0.004025,0.00392156862745098
14,0.004391,0.00392156862745098
15,0.004777,0.00392156862745098
16,0.005182,0.00392156862745098
17,0.005605,0.00392156862745098
18,0.006049,0.00784313725490196
19,0.006512,0.00784313725490196
20,0.006995,0.00784313725490196
21,0.007499,0.00784313725490196
22,0.008023,0.00784313725490196
23,0.008568,0.00784313725490196
24,0.009134,0.00784313725490196
25,0.009721,0.00784313725490196
26,0.01033,0.011764705882352941
27,0.01096,0.011764705882352941
28,0.011612,0.011764705882352941
29,0.012286,0.011764705882352941
30,0.012983,0.011764705882352941
31,0.013702,0.011764705882352941
32,0.014444,0.01568627450980392
33,0.015209,0.01568627450980392
34,0.015996,0.01568627450980392
35,0.016807,0.01568627450980392
36,0.017642,0.01568627450980392
37,0.0185,0.0196078431372549
38,0.019382,0.0196078431372549
39,0.020289,0.0196078431372549
40,0.021219,0.0196078431372549
41,0.022174,0.023529411764705882
42,0.023153,0.023529411764705882
43,0.024158,0.023529411764705882
44,0.025187,0.023529411764705882
45,0.026241,0.027450980392156862
46,0.027321,0.027450980392156862
47,0.028426,0.027450980392156862
48,0.029557,0.03137254901960784
49,0.030713,0.03137254901960784
50,0.031896,0.03137254901960784
51,0.033105,0.03137254901960784
52,0.03434,0.03529411764705882
53,0.035601,0.03529411764705882
54,0.036889,0.03529411764705882
55,0.038204,0.0392156862745098
56,0.039546,0.0392156862745098
57,0.040915,0.0392156862745098
58,0.042311,0.043137254901960784
59,0.043735,0.043137254901960784
60,0.045186,0.047058823529411764
61,0.046665,0.047058823529411764
62,0.048172,0.047058823529411764
63,0.049707,0.050980392156862744
64,0.051269,0.050980392156862744
65,0.052861,0.050980392156862744
66,0.05448,0.054901960784313725
67,0.056128,0.054901960784313725
68,0.057805,0.058823529411764705
69,0.059511,0.058823529411764705
70,0.061246,0.06274509803921569
71,0.06301,0.06274509803921569
72,0.064803,0.06666666666666667
73,0.066626,0.06666666666666667
74,0.068478,0.06666666666666667
75,0.07036,0.07058823529411765
76,0.072272,0.07058823529411765
77,0.074214,0.07450980392156863
78,0.076185,0.07450980392156863
79,0.078187,0.0784313725490196
80,0.08022,0.0784313725490196
81,0.082283,0.08235294117647059
82,0.084376,0.08627450980392157
83,0.0865,0.08627450980392157
84,0.088656,0.09019607843137255
85,0.090842,0.09019607843137255
86,0.093059,0.09411764705882353
87,0.095307,0.09411764705882353
88,0.097587,0.09803921568627451
89,0.099899,0.09803921568627451
90,0.102242,0.10196078431372549
91,0.104616,0.10588235294117647
92,0.107023,0.10588235294117647
93,0.109462,0.10980392156862745
94,0.111932,0.11372549019607843
95,0.114435,0.11372549019607843
96,0.116971,0.11764705882352941
97,0.119538,0.11764705882352941
98,0.122139,0.12156862745098039
99,0.124772,0.12549019607843137
100,0.127438,0.12549019607843137
101,0.130137,0.12941176470588237
102,0.132868,0.13333333333333333
103,0.135633,0.13725490196078433
104,0.138432,0.13725490196078433
105,0.141263,0.1411764705882353
106,0.144129,0.1450980392156863
107,0.147027,0.1450980392156863
108,0.14996,0.14901960784313725
109,0.152926,0.15294117647058825
110,0.155926,0.1568627450980392
111,0.158961,0.1607843137254902
112,0.162029,0.1607843137254902
113,0.165132,0.16470588235294117
114,0.168269,0.16862745098039217
115,0.171441,0.17254901960784313
116,0.174647,0.17647058823529413
117,0.177888,0.17647058823529413
118,0.181164,0.1803921568627451
119,0.184475,0.1843137254901961
120,0.187821,0.18823529411764706
121,0.191202,0.19215686274509805
122,0.194618,0.19607843137254902
123,0.198069,0.2
124,0.201556,0.2
125,0.205079,0.20392156862745098
126,0.208637,0.20784313725490197
127,0.212231,0.21176470588235294
128,0.215861,0.21568627450980393
129,0.219526,0.2196078431372549
130,0.223228,0.2235294117647059
131,0.226966,0.22745098039215686
132,0.23074,0.23137254901960785
133,0.234551,0.23529411764705882
134,0.238398,0.23921568627450981
135,0.242281,0.24313725490196078
136,0.246201,0.24705882352941178
137,0.250158,0.25098039215686274
138,0.254152,0.2549019607843137
139,0.258183,0.25882352941176473
140,0.262251,0.2627450980392157
141,0.266356,0.26666666666666666
142,0.270498,0.27058823529411763
143,0.274677,0.27450980392156865
144,0.278894,0.2784313725490196
145,0.283149,0.2823529411764706
146,0.287441,0.28627450980392155
147,0.291771,0.2901960784313726
148,0.296138,0.2980392156862745
149,0.300544,0.30196078431372547
150,0.304987,0.3058823529411765
151,0.309469,0.30980392156862746
152,0.313989,0.3137254901960784
153,0.318547,0.3176470588235294
154,0.323143,0.3215686274509804
155,0.327778,0.32941176470588235
156,0.332452,0.3333333333333333
157,0.337164,0.33725490196078434
158,0.341914,0.3411764705882353
159,0.346704,0.34509803921568627
160,0.351533,0.35294117647058826
161,0.3564,0.3568627450980392
162,0.361307,0.3607843137254902
163,0.366253,0.36470588235294116
164,0.371238,0.37254901960784315
165,0.376262,0.3764705882352941
166,0.381326,0.3803921568627451
167,0.38643,0.38823529411764707
168,0.391573,0.39215686274509803
169,0.396755,0.396078431372549
170,0.401978,0.403921568627451
171,0.40724,0.40784313725490196
172,0.412543,0.4117647058823529
173,0.417885,0.4196078431372549
174,0.423268,0.4235294117647059
175,0.428691,0.42745098039215684
176,0.434154,0.43529411764705883
177,0.439657,0.4392156862745098
178,0.445201,0.4470588235294118
179,0.450786,0.45098039215686275
180,0.456411,0.4549019607843137
181,0.462077,0.4627450980392157
182,0.467784,0.4666666666666667
183,0.473532,0.4745098039215686
184,0.47932,0.47843137254901963
185,0.48515,0.48627450980392156
186,0.491021,0.49019607843137253
187,0.496933,0.4980392156862745
188,0.502887,0.5019607843137255
189,0.508881,0.5098039215686274
190,0.514918,0.5137254901960784
191,0.520996,0.5215686274509804
192,0.527115,0.5254901960784314
193,0.533277,0.5333333333333333
194,0.53948,0.5411764705882353
195,0.545725,0.5450980392156862
196,0.552012,0.5529411764705883
197,0.558341,0.5568627450980392
198,0.564712,0.5647058823529412
199,0.571125,0.5725490196078431
200,0.577581,0.5764705882352941
201,0.584079,0.5843137254901961
202,0.590619,0.592156862745098
203,0.597202,0.596078431372549
204,0.603828,0.6039215686274509
205,0.610496,0.611764705882353
206,0.617207,0.615686274509804
207,0.623961,0.6235294117647059
208,0.630757,0.6313725490196078
209,0.637597,0.6392156862745098
210,0.64448,0.6431372549019608
211,0.651406,0.6509803921568628
212,0.658375,0.6588235294117647
213,0.665387,0.6666666666666666
214,0.672443,0.6705882352941176
215,0.679543,0.6784313725490196
216,0.686685,0.6862745098039216
217,0.693872,0.6941176470588235
218,0.701102,0.7019607843137254
219,0.708376,0.7098039215686275
220,0.715694,0.7176470588235294
221,0.723055,0.7215686274509804
222,0.730461,0.7294117647058823
223,0.737911,0.7372549019607844
224,0.745404,0.7450980392156863
225,0.752942,0.7529411764705882
226,0.760525,0.7607843137254902
227,0.768151,0.7686274509803922
228,0.775822,0.7764705882352941
229,0.783538,0.7843137254901961
230,0.791298,0.792156862745098
231,0.799103,0.8
232,0.806952,0.807843137254902
233,0.814847,0.8156862745098039
234,0.822786,0.8235294117647058
235,0.83077,0.8313725490196079
236,0.838799,0.8392156862745098
237,0.846873,0.8470588235294118
238,0.854993,0.8549019607843137
239,0.863157,0.8627450980392157
240,0.871367,0.8705882352941177
241,0.879623,0.8784313725490196
242,0.887923,0.8862745098039215
243,0.89627,0.8980392156862745
244,0.904661,0.9058823529411765
245,0.913099,0.9137254901960784
246,0.921582,0.9215686274509803
247,0.930111,0.9294117647058824
248,0.938686,0.9372549019607843
249,0.947307,0.9490196078431372
250,0.955974,0.9568627450980393
251,0.964687,0.9647058823529412
252,0.973445,0.9725490196078431
253,0.982251,0.9803921568627451
254,0.991102,0.9921568627450981
255,1.0,1.0
